{"cameraMode":{"drawMode":0,"name":"Shaded","section":"Shading Mode"},"sceneLighting":false,"audioPlay":false,"sceneViewState":{"m_AlwaysRefresh":false,"showFog":true,"showSkybox":false,"showFlares":true,"showImageEffects":true,"showParticleSystems":true,"showVisualEffectGraphs":true,"m_FxEnabled":true},"in2DMode":false,"pivot":{"x":174.60728454589845,"y":253.83580017089845,"z":-7.393825531005859},"rotation":{"x":0.007807713933289051,"y":-0.032687265425920489,"z":0.0002184253971790895,"w":0.9995481371879578},"size":199.0229949951172,"orthographic":false}